dateUploaded,description,geo_status,hashtags,imgId,positionInStatus,searchTermUsed,url,user_id,user_name
Tue Jul 03 01:00:36 +0000 2018,In this house we Stan a giant shark whale alien tsundere https://t.co/RNRZMQlkFe,,[],1013950597958066176,1,Whale Shark,http://pbs.twimg.com/media/DhJGslsV4AABeWu.jpg,2571918642,Mori @ KH3 HYPE BABYYYYY
Mon Jul 02 23:02:07 +0000 2018,The whale shark is the largest fish in the ocean https://t.co/TIwv1ts4gq,,[],1010254886078824448,1,Whale Shark,http://pbs.twimg.com/media/DgUld2FUwAAM83J.jpg,208648549,Most Wow Facts
Mon Jul 02 20:19:29 +0000 2018,RT @adastra_bb: Whale shark nom time! ğŸ¦ˆ ğŸ¦ˆ ğŸ¦ˆ https://t.co/kDCzw6a0vR,,[],1012920332901076993,1,Whale Shark,http://pbs.twimg.com/ext_tw_video_thumb/1012920332901076993/pu/img/8SZVYlwI3Z_UPTkv.jpg,983100595686068226,ğŸµğŸ¶ğŸµğŸ¶ğŸµğŸ¶ğŸµğŸ¶
Mon Jul 02 19:53:02 +0000 2018,Teacher field trip to the GA Aquarium! The whale shark joined us for a selfie! ğŸ ğŸŸğŸ¬ğŸ™ğŸ¡ğŸ‹ https://t.co/A7QRrlylKu,,[],1013873194841718785,1,Whale Shark,http://pbs.twimg.com/media/DhIATInUwAE3dmf.jpg,893263137092255744,Tatum
Mon Jul 02 18:21:22 +0000 2018,"ãƒ»ã‚¸ãƒ³ãƒ™ã‚¨ã‚¶ãƒ¡ï¼ˆå…¨é•·:10ã€œ12m ç”Ÿæ¯åœ°:å¤–æ´‹ã€æ²¿å²¸æµ·åŸŸï¼‰
ï¼ˆWhale shark
Total length:10ã€œ12m Habitat:The open sea, coastal waters) https://t.co/iePwrvhpWH",,[],551462471639134208,1,Whale Shark,http://pbs.twimg.com/media/B6cwMjkCcAAcTFY.jpg,2954607152,ã‚µãƒ¡botã€Shark-botã€‘
Mon Jul 02 16:03:36 +0000 2018,Whale 'saves' biologist from shark - BBC News https://t.co/WD6a4fc5dH #staged https://t.co/0Q9JzSMxKa,,[{u'tag': u'staged'}],1013815460897476608,1,Whale Shark,http://pbs.twimg.com/media/DhHLyk6X0AAsk2f.jpg,3045802332,Brooklyn
Mon Jul 02 16:01:09 +0000 2018,RT @graceamarra: whale shark on wood (: https://t.co/HrLBzlTyu3,,[],1013619059743547392,1,Whale Shark,http://pbs.twimg.com/media/DhEZKhmUYAAq1vh.jpg,2639777517,sophia sierra
Mon Jul 02 15:48:10 +0000 2018,RT @animalspicworld: Close encounter with a beautiful Whale Shark La Paz Baja California Sur... https://t.co/hynKZ89PSm,,[],1009982270097141760,1,Whale Shark,http://pbs.twimg.com/media/DgQthgaVMAA5YF0.jpg,889542657399291904,TrickyHunter
Mon Jul 02 14:20:18 +0000 2018,RT @floofyfluff: Strawberry doughnut whale shark ğŸ¦ˆğŸ© https://t.co/1pBtFwGry7,,[],904005658676264960,1,Whale Shark,http://pbs.twimg.com/media/DIusW2BXgAAQzx9.jpg,17037796,angry ball of fur
Mon Jul 02 05:32:45 +0000 2018,RT @graceamarra: whale shark on wood (: https://t.co/HrLBzlTyu3,,[],1013619059743547392,1,Whale Shark,http://pbs.twimg.com/media/DhEZKhmUYAAq1vh.jpg,2708081970,claire ğŸ§œğŸ¼â€â™€ï¸
Mon Jul 02 03:47:51 +0000 2018,RT @graceamarra: whale shark on wood (: https://t.co/HrLBzlTyu3,,[],1013619059743547392,1,Whale Shark,http://pbs.twimg.com/media/DhEZKhmUYAAq1vh.jpg,1247540406,Shannon Wong
Mon Jul 02 03:47:24 +0000 2018,RT @floofyfluff: Strawberry doughnut whale shark ğŸ¦ˆğŸ© https://t.co/1pBtFwGry7,,[],904005658676264960,1,Whale Shark,http://pbs.twimg.com/media/DIusW2BXgAAQzx9.jpg,718983869211533313,katina
Mon Jul 02 03:14:45 +0000 2018,RT @graceamarra: whale shark on wood (: https://t.co/HrLBzlTyu3,,[],1013619059743547392,1,Whale Shark,http://pbs.twimg.com/media/DhEZKhmUYAAq1vh.jpg,1629626815,Natalie~Hartman
Mon Jul 02 03:04:49 +0000 2018,RT @graceamarra: whale shark on wood (: https://t.co/HrLBzlTyu3,,[],1013619059743547392,1,Whale Shark,http://pbs.twimg.com/media/DhEZKhmUYAAq1vh.jpg,3302106156,Mare ğŸŒºğŸ¢ğŸŒŠ
Mon Jul 02 03:03:13 +0000 2018,whale shark on wood (: https://t.co/HrLBzlTyu3,,[],1013619059743547392,1,Whale Shark,http://pbs.twimg.com/media/DhEZKhmUYAAq1vh.jpg,2655198097,mars ğŸ’«
Mon Jul 02 13:46:05 +0000 2018,"The reticulated giraffe has a longer lifespan of the three. It can live up to 25 years.

[Picture: Evanphoto] https://t.co/8K2pqO6x4n",,[],1013780746039939077,1,Reticulated Giraffe,http://pbs.twimg.com/media/DhGsN5_XUAUbjZR.jpg,981851917419675648,Eyes in the Courtroom
Mon Jul 02 12:33:45 +0000 2018,"RT @ymk_cg: ã‚¢ãƒŸãƒ¡ã‚­ãƒªãƒ³ã®æ—¥  ğŸ¦’
#ã‚¢ãƒŸãƒ¡ã‚­ãƒªãƒ³
#reticulated giraffe
#ã‘ã‚‚ã®ãƒ•ãƒ¬ãƒ³ã‚º
#å‹•ç‰©æœ‹å‹
#KEMONO FRIENDS https://t.co/JJWOf7LZhN",,"[{u'tag': u'ã‚¢ãƒŸãƒ¡ã‚­ãƒªãƒ³'}, {u'tag': u'reticulated'}, {u'tag': u'ã‘ã‚‚ã®ãƒ•ãƒ¬ãƒ³ã‚º'}, {u'tag': u'å‹•ç‰©æœ‹å‹'}, {u'tag': u'KEMONO'}]",1009381657063772162,1,Reticulated Giraffe,http://pbs.twimg.com/media/DgILROgU0AIi9nS.jpg,3039895676,ãƒ©ã‚°ã‚¿ã‚¤ãƒ 
Thu Jun 28 17:02:39 +0000 2018,Reticulated Giraffe https://t.co/GX9De87mLf,,[],1012380724228476930,1,Reticulated Giraffe,http://pbs.twimg.com/media/Dgyy56UXUAICX8q.jpg,325426238,MKirby
Tue Jun 26 23:22:30 +0000 2018,"RT @JudyWhitton: New artwork for sale! - ""Reticulated Giraffe"" - https://t.co/rhBCWURJzV @fineartamerica https://t.co/ZN51H8NNZW",,[],1011007194102489093,1,Reticulated Giraffe,http://pbs.twimg.com/media/DgfRr73X4AUc1ML.jpg,2956193787,Judy Whitton
Tue Jun 26 23:22:18 +0000 2018,"RT @JudyWhitton: New artwork for sale! - ""Reticulated Giraffe #4"" - https://t.co/osVB1y7n2a @fineartamerica https://t.co/RcuIwYZ43F",,[],1010986897890562049,1,Reticulated Giraffe,http://pbs.twimg.com/media/Dge_OilXUAE9ew0.jpg,2956193787,Judy Whitton
Tue Jun 26 23:21:25 +0000 2018,"RT @JudyWhitton: New artwork for sale! - ""Reticulated Giraffe #2"" - https://t.co/3GNjrrPzRD @fineartamerica https://t.co/PjId56GaeZ",,[],1010720509384945665,1,Reticulated Giraffe,http://pbs.twimg.com/media/DgbM8sEXcAEIzIa.jpg,2956193787,Judy Whitton
Tue Jun 26 10:07:05 +0000 2018,"RT @ymk_cg: ã‚¢ãƒŸãƒ¡ã‚­ãƒªãƒ³ã®æ—¥  ğŸ¦’
#ã‚¢ãƒŸãƒ¡ã‚­ãƒªãƒ³
#reticulated giraffe
#ã‘ã‚‚ã®ãƒ•ãƒ¬ãƒ³ã‚º
#å‹•ç‰©æœ‹å‹
#KEMONO FRIENDS https://t.co/JJWOf7LZhN",,"[{u'tag': u'ã‚¢ãƒŸãƒ¡ã‚­ãƒªãƒ³'}, {u'tag': u'reticulated'}, {u'tag': u'ã‘ã‚‚ã®ãƒ•ãƒ¬ãƒ³ã‚º'}, {u'tag': u'å‹•ç‰©æœ‹å‹'}, {u'tag': u'KEMONO'}]",1009381657063772162,1,Reticulated Giraffe,http://pbs.twimg.com/media/DgILROgU0AIi9nS.jpg,3748808533,å…«å’«æ—¥å’Œï¼šé€²æ—ï½²ï¾”ï½¬ï½¬ï¾”ï¾”ï½§ï½§ï½§ï½§ï½¯ï¾Œï½©ï½©ï½©ï½©ï½©!!!
Sun Jul 01 10:22:07 +0000 2018,Cheetah leaps into safari Jeep to hang with tourists https://t.co/tV8OUCQOEc https://t.co/rivfCsmDfX,,[],1013367135018594304,1,Cheetah,http://pbs.twimg.com/media/DhA0Ck3WsAAcIkx.jpg,17469289,New York Post
Tue Jul 03 01:40:28 +0000 2018,from lost naked cheetah girls sexy free porno video site hot fuckpictures oral sex and std transmission  https://t.co/ZYFHGfChyP,,[],1008687680841043968,1,Cheetah,http://pbs.twimg.com/ext_tw_video_thumb/1008687680841043968/pu/img/qMVIVvfxiBfX9zmX.jpg,946084590820638720,Alexandra Harris
Tue Jul 03 01:40:12 +0000 2018,"Coma 07` (https://t.co/kua93RdnxC DJ Juice, D.Theo) - ì¹˜íƒ€ (CHEETAH) - ë“¤ì–´ë³´ì„¸ìš”.

https://t.co/YnXpxoJDAc

#Melon https://t.co/OcEmTtkfmC",,[{u'tag': u'Melon'}],1013960564547076096,1,Cheetah,http://pbs.twimg.com/media/DhJPwuIVQAAw5O8.jpg,741983154366357506,êµ¬ì•¼ë¯€
Tue Jul 03 01:39:29 +0000 2018,ì¹˜íƒ€ê°€ ìš”ì¦˜ ëª¬ê°€...í™•ì‹¤íˆ ì‚¬ì¶˜ê¸°ì¸ê°€...ì§‘ì‚¬ì™€ ë‚´ì™¸í•˜ëŠ” ëŠë‚Œì´ë„ê¹Œ ê·¸ëŸ°ë° ì™œ ê·¸ëŸ´ê¹Œìš”???ã…‹ã…‹ã…‹ì§„ì‹¬ ì‚¬ì¶˜ê¸°ì¸ê°€.... https://t.co/5FqAF12E9R,,[],1013960370933776384,1,Cheetah,http://pbs.twimg.com/media/DhJPlc3UwAAb2Kf.jpg,755194786441605120,âœ¨ì¹˜íƒ€ëŠ” ì‚¬ì¶˜ê¸°âœ¨
Tue Jul 03 01:37:49 +0000 2018,RT @CiCee_34: The cheetah girls bench ğŸ¤ªğŸ’ƒğŸ¼ https://t.co/h6m1DT1Y7p,,[],1013887218929295360,1,Cheetah,http://pbs.twimg.com/media/DhINDcaW4AAjj_G.jpg,1007391685435953152,JESS ğŸ’‹
Tue Jul 03 01:37:31 +0000 2018,RT @f5hittinhard: did someone call for an underrated cheetah flyer? https://t.co/7CCSnW8qF3,,[],1013855775410843649,1,Cheetah,http://pbs.twimg.com/ext_tw_video_thumb/1013855775410843649/pu/img/4qswbYWXwEU0nf5Q.jpg,968667201443172352,Kinsielynn
Tue Jul 03 01:37:17 +0000 2018,RT @natureslover_s: Dog and Cheetah best friends https://t.co/a5BN3oeYH8,,[],1013174371572207617,1,Cheetah,http://pbs.twimg.com/media/Dg-EuREXUAEoBR2.jpg,2455700538,ë°°ì€í¬
Tue Jul 03 01:36:29 +0000 2018,RT @natureslover_s: Dog and Cheetah best friends https://t.co/a5BN3oeYH8,,[],1013174371572207617,1,Cheetah,http://pbs.twimg.com/media/Dg-EuREXUAEoBR2.jpg,973422838446264320,haha
Tue Jul 03 01:34:23 +0000 2018,RT @natureslover_s: Dog and Cheetah best friends https://t.co/a5BN3oeYH8,,[],1013174371572207617,1,Cheetah,http://pbs.twimg.com/media/Dg-EuREXUAEoBR2.jpg,255068371,wong52
Tue Jul 03 01:33:47 +0000 2018,RT @natureslover_s: Dog and Cheetah best friends https://t.co/a5BN3oeYH8,,[],1013174371572207617,1,Cheetah,http://pbs.twimg.com/media/Dg-EuREXUAEoBR2.jpg,514615477,De Ragels-Graves
Tue Jul 03 01:29:25 +0000 2018,RT @natureslover_s: Dog and Cheetah best friends https://t.co/a5BN3oeYH8,,[],1013174371572207617,1,Cheetah,http://pbs.twimg.com/media/Dg-EuREXUAEoBR2.jpg,827383896,Todd Holjeson
Tue Jul 03 01:26:15 +0000 2018,RT @natureslover_s: Dog and Cheetah best friends https://t.co/a5BN3oeYH8,,[],1013174371572207617,1,Cheetah,http://pbs.twimg.com/media/Dg-EuREXUAEoBR2.jpg,3246686933,ĞĞ¸Ğ½Ğ° Ğ“Ñ€Ğ¸Ğ³Ğ¾Ñ€ÑŒĞµĞ²Ğ°
Tue Jul 03 01:24:21 +0000 2018,RT @wildNature_: Fast and Furious ğŸ† Cheetah ğŸ† https://t.co/Zzapwy0PL9,,[],1013114022126686208,1,Cheetah,http://pbs.twimg.com/ext_tw_video_thumb/1013114022126686208/pu/img/_0jgqhsg6yjqyX8J.jpg,589110393,Anu.m.v
Tue Jul 03 01:24:20 +0000 2018,RT @natureslover_s: Dog and Cheetah best friends https://t.co/a5BN3oeYH8,,[],1013174371572207617,1,Cheetah,http://pbs.twimg.com/media/Dg-EuREXUAEoBR2.jpg,92782936,Angus Mac Og
Tue Jul 03 01:23:38 +0000 2018,RT @STEEL5757: Animal Alley #Cheetah Leopard #BigCat =&gt;&gt;  https://t.co/Rab3WSmNOT https://t.co/575ngw32YF,,"[{u'tag': u'Cheetah'}, {u'tag': u'BigCat'}]",1013613784915558401,1,Cheetah,http://pbs.twimg.com/media/DhEUXfVUwAE0ay9.jpg,790324729915645952,Cynthia Rons
Tue Jul 03 01:20:39 +0000 2018,RT @natureslover_s: Dog and Cheetah best friends https://t.co/a5BN3oeYH8,,[],1013174371572207617,1,Cheetah,http://pbs.twimg.com/media/Dg-EuREXUAEoBR2.jpg,829956146676903936,ğŸˆRXâ˜®8â™‚izumağŸˆ
Tue Jul 03 01:19:34 +0000 2018,RT @STEEL5757: Animal Alley #Cheetah Leopard #BigCat =&gt;&gt;  https://t.co/Rab3WSmNOT https://t.co/575ngw32YF,,"[{u'tag': u'Cheetah'}, {u'tag': u'BigCat'}]",1013613784915558401,1,Cheetah,http://pbs.twimg.com/media/DhEUXfVUwAE0ay9.jpg,711615545167073281,Longenecker Creation
Tue Jul 03 01:18:45 +0000 2018,RT @STEEL5757: Animal Alley #Cheetah Leopard #BigCat =&gt;&gt;  https://t.co/Rab3WSmNOT https://t.co/575ngw32YF,,"[{u'tag': u'Cheetah'}, {u'tag': u'BigCat'}]",1013613784915558401,1,Cheetah,http://pbs.twimg.com/media/DhEUXfVUwAE0ay9.jpg,33930836,Seaside Jewelry 1
Tue Jul 03 01:17:34 +0000 2018,RT @natureslover_s: Dog and Cheetah best friends https://t.co/a5BN3oeYH8,,[],1013174371572207617,1,Cheetah,http://pbs.twimg.com/media/Dg-EuREXUAEoBR2.jpg,986566681123282945,Holistic VetğŸ¾
Tue Jul 03 01:14:30 +0000 2018,RT @natureslover_s: Dog and Cheetah best friends https://t.co/a5BN3oeYH8,,[],1013174371572207617,1,Cheetah,http://pbs.twimg.com/media/Dg-EuREXUAEoBR2.jpg,971259093108318208,BOB
Tue Jul 03 01:14:13 +0000 2018,RT @STEEL5757: Animal Alley #Cheetah Leopard #BigCat =&gt;&gt;  https://t.co/Rab3WSmNOT https://t.co/575ngw32YF,,"[{u'tag': u'Cheetah'}, {u'tag': u'BigCat'}]",1013613784915558401,1,Cheetah,http://pbs.twimg.com/media/DhEUXfVUwAE0ay9.jpg,1444511522,One Retro Lady@Etsy
Tue Jul 03 01:11:01 +0000 2018,RT @natureslover_s: Dog and Cheetah best friends https://t.co/a5BN3oeYH8,,[],1013174371572207617,1,Cheetah,http://pbs.twimg.com/media/Dg-EuREXUAEoBR2.jpg,767017401133203460,Poppy's Palace
Tue Jul 03 01:10:34 +0000 2018,RT @f5hittinhard: did someone call for an underrated cheetah flyer? https://t.co/7CCSnW8qF3,,[],1013855775410843649,1,Cheetah,http://pbs.twimg.com/ext_tw_video_thumb/1013855775410843649/pu/img/4qswbYWXwEU0nf5Q.jpg,1355796230,symmetra has been bae yall just didn't deserve her
Tue Jul 03 01:09:40 +0000 2018,RT @disneysvideos: the cheetah girls - one world https://t.co/0UzeSs2dwH,,[],701058286909530118,1,Cheetah,http://pbs.twimg.com/ext_tw_video_thumb/701058286909530118/pu/img/9vNTYuuFq47J-NBp.jpg,721342822302027776,BILGERDUNDAY/KRESSINGTON ğŸ’œ
Tue Jul 03 01:09:21 +0000 2018,RT @natureslover_s: Dog and Cheetah best friends https://t.co/a5BN3oeYH8,,[],1013174371572207617,1,Cheetah,http://pbs.twimg.com/media/Dg-EuREXUAEoBR2.jpg,2430826412,VIKTOR KRYLA KAZHANA
Tue Jul 03 01:08:50 +0000 2018,RT @natureslover_s: Dog and Cheetah best friends https://t.co/a5BN3oeYH8,,[],1013174371572207617,1,Cheetah,http://pbs.twimg.com/media/Dg-EuREXUAEoBR2.jpg,2497878354,loon
Tue Jul 03 01:07:43 +0000 2018,"RT @YutoNagatomo5: ã‚ã‚ŠãŒã¨ã†ã€‚
ã‚„ã‚Šãã£ãŸã€‚
å‡ºã—åˆ‡ã£ãŸã€‚
æœ€é«˜ã«æ¥½ã—ã„Wæ¯ã ã£ãŸã€‚
ã“ã‚“ãªä¸‹æ‰‹ããã‚’ä½¿ã£ã¦ãã‚ŒãŸç›£ç£ã€ä»²é–“ã€ã„ã£ã±ã„ã®ã‚¨ãƒãƒ«ã‚®ãƒ¼ã‚’é€ã£ã¦ãã‚ŒãŸçš†ã•ã‚“ã«å¿ƒã‹ã‚‰æ„Ÿè¬ã—ã¾ã™ã€‚ https://t.co/mtae2u7jhY",,[],1013928325646049280,1,Cheetah,http://pbs.twimg.com/media/DhIycK3W4AAoxTZ.jpg,894582423593271296,ãƒãƒ¼ã‚¿ãƒ¼ãƒãƒ³
Tue Jul 03 01:07:25 +0000 2018,Dog and Cheetah best friends https://t.co/RLFEpgaNIH,,[],1013174371572207617,1,Cheetah,http://pbs.twimg.com/media/Dg-EuREXUAEoBR2.jpg,119933341,malek
Tue Jul 03 01:07:14 +0000 2018,RT @natureslover_s: Dog and Cheetah best friends https://t.co/a5BN3oeYH8,,[],1013174371572207617,1,Cheetah,http://pbs.twimg.com/media/Dg-EuREXUAEoBR2.jpg,1148610157,American AntiFed
Tue Jul 03 01:06:47 +0000 2018,RT @natureslover_s: Dog and Cheetah best friends https://t.co/a5BN3oeYH8,,[],1013174371572207617,1,Cheetah,http://pbs.twimg.com/media/Dg-EuREXUAEoBR2.jpg,910291458837684226,Jorge E Sandoval
Tue Jul 03 01:05:24 +0000 2018,RT @natureslover_s: Dog and Cheetah best friends https://t.co/a5BN3oeYH8,,[],1013174371572207617,1,Cheetah,http://pbs.twimg.com/media/Dg-EuREXUAEoBR2.jpg,919764401753747456,squid boy
Tue Jul 03 01:05:20 +0000 2018,omg why does golden girls get me so emotional ğŸ˜­ğŸ˜­ğŸ˜­ https://t.co/XGp64rKjlW,,[],1013951154072383488,1,Cheetah,http://pbs.twimg.com/tweet_video_thumb/DhJHM9YU8AANmf5.jpg,2763498511,Brent Joan Chalamet-Streisand
Tue Jul 03 01:05:04 +0000 2018,RT @ATRACTIVENATURE: Cheetah Family........ https://t.co/hzHt9AmJKi,,[],1013595126952689664,1,Cheetah,http://pbs.twimg.com/media/DhEDZdAVAAAFOXn.jpg,4123883836,Dyrewitch
Tue Jul 03 01:05:00 +0000 2018,RT @natureslover_s: Dog and Cheetah best friends https://t.co/a5BN3oeYH8,,[],1013174371572207617,1,Cheetah,http://pbs.twimg.com/media/Dg-EuREXUAEoBR2.jpg,424326821,"James Minter, author & child values promoter"
Tue Jul 03 01:04:39 +0000 2018,RT @natureslover_s: Dog and Cheetah best friends https://t.co/a5BN3oeYH8,,[],1013174371572207617,1,Cheetah,http://pbs.twimg.com/media/Dg-EuREXUAEoBR2.jpg,2237379685,El PACIFICADOR ğŸ˜‡
Tue Jul 03 01:04:38 +0000 2018,RT @natureslover_s: Dog and Cheetah best friends https://t.co/a5BN3oeYH8,,[],1013174371572207617,1,Cheetah,http://pbs.twimg.com/media/Dg-EuREXUAEoBR2.jpg,832029322693267456,ğŸ‘‘ ğŸ‘¸ Warrioress Ginata â˜¦
Sat Jun 23 19:40:10 +0000 2018,The Grevyâ€™s Zebra National Recovery and Action Plan officially launched and results of 2018 Census released. https://t.co/qwZVZi0SI4,,[],1010608451322511360,1,Grevy Zebra,http://pbs.twimg.com/media/DgZnCDQWAAAF8kx.jpg,250024481,KWS
Sat Jun 23 19:40:10 +0000 2018,The Grevyâ€™s Zebra National Recovery and Action Plan officially launched and results of 2018 Census released. https://t.co/qwZVZi0SI4,,[],1010608451305836546,2,Grevy Zebra,http://pbs.twimg.com/media/DgZnCDMXkAIelK7.jpg,250024481,KWS
Fri Jun 29 14:58:46 +0000 2018,"The number of  Grevy's zebra in kenya increase from the 2,350 to 2,812.
#GOKThisWeek https://t.co/HMdxUTap4p",,[{u'tag': u'GOKThisWeek'}],1012711950030077952,1,Grevy Zebra,http://pbs.twimg.com/media/Dg3gJylWAAADACL.jpg,998999774497034240,Josh J Sharp
Mon Jun 25 08:08:20 +0000 2018,"Sad that I missed the Great Grevy's Ball in Laikipia, but the plains zebra in the Mara are pretty cute too https://t.co/XVC8xmtNqK",,[],1011158648717012992,1,Grevy Zebra,http://pbs.twimg.com/media/DghbbwRXcAALC21.jpg,3396881458,Jessica Gunson
Tue Jul 03 01:41:33 +0000 2018,Weirdo RT @The_Lion_: Does she really sound like that? RT @NICKIMINAJ: Thank you ğŸ˜›ğŸ˜ https://t.co/SMncBvC5z5,,[],1013918640398188544,1,Lion,http://pbs.twimg.com/ext_tw_video_thumb/1013918640398188544/pu/img/WcsMaQHOc0ZycwdC.jpg,50704426,Clifford Tarte ğŸ‡­ğŸ‡¹
Tue Jul 03 01:41:09 +0000 2018,"RT @EmrgencyKittens: Little lion ğŸ¦

ğŸ“¹: natsuko_cat https://t.co/0dtY96vcfM",,[],1013950955258171392,1,Lion,http://pbs.twimg.com/ext_tw_video_thumb/1013950955258171392/pu/img/uuDfrUUklcV-7qBQ.jpg,872254640389214208,ğŸ¥€
Tue Jul 03 01:41:06 +0000 2018,"RT @EmrgencyKittens: Little lion ğŸ¦

ğŸ“¹: natsuko_cat https://t.co/0dtY96vcfM",,[],1013950955258171392,1,Lion,http://pbs.twimg.com/ext_tw_video_thumb/1013950955258171392/pu/img/uuDfrUUklcV-7qBQ.jpg,147374735,pw
Tue Jul 03 01:41:02 +0000 2018,RT @DannyDuncan69: Itâ€™s better to be a lion for a day than a sheep all your life. https://t.co/ZcsyEaUGpE,,[],1013944243830706176,1,Lion,http://pbs.twimg.com/media/DhJA6uuU0AA7ejd.jpg,3028413440,joseph caldwell
Tue Jul 03 01:40:58 +0000 2018,"RT @EmrgencyKittens: Little lion ğŸ¦

ğŸ“¹: natsuko_cat https://t.co/0dtY96vcfM",,[],1013950955258171392,1,Lion,http://pbs.twimg.com/ext_tw_video_thumb/1013950955258171392/pu/img/uuDfrUUklcV-7qBQ.jpg,1013683542595985409,Pettyqueer
Tue Jul 03 01:40:53 +0000 2018,"RT @EmrgencyKittens: Little lion ğŸ¦

ğŸ“¹: natsuko_cat https://t.co/0dtY96vcfM",,[],1013950955258171392,1,Lion,http://pbs.twimg.com/ext_tw_video_thumb/1013950955258171392/pu/img/uuDfrUUklcV-7qBQ.jpg,1949175008,JÎ”S
Tue Jul 03 01:40:44 +0000 2018,"RT @EmrgencyKittens: Little lion ğŸ¦

ğŸ“¹: natsuko_cat https://t.co/0dtY96vcfM",,[],1013950955258171392,1,Lion,http://pbs.twimg.com/ext_tw_video_thumb/1013950955258171392/pu/img/uuDfrUUklcV-7qBQ.jpg,20392747,Charlie the Lion
Tue Jul 03 01:40:37 +0000 2018,"RT @EmrgencyKittens: Little lion ğŸ¦

ğŸ“¹: natsuko_cat https://t.co/0dtY96vcfM",,[],1013950955258171392,1,Lion,http://pbs.twimg.com/ext_tw_video_thumb/1013950955258171392/pu/img/uuDfrUUklcV-7qBQ.jpg,2384798307,Jen ğŸ¦
Tue Jul 03 01:40:35 +0000 2018,"RT @EmrgencyKittens: Little lion ğŸ¦

ğŸ“¹: natsuko_cat https://t.co/0dtY96vcfM",,[],1013950955258171392,1,Lion,http://pbs.twimg.com/ext_tw_video_thumb/1013950955258171392/pu/img/uuDfrUUklcV-7qBQ.jpg,1905163610,Moana Of Motunui
Tue Jul 03 01:40:24 +0000 2018,RT @bamnontida: à¹à¸­à¸”à¸¡à¸´à¸™à¸„à¸‡à¸„à¸´à¸”à¸§à¹ˆà¸² à¸à¸¹à¹„à¸¡à¹ˆà¸™à¹ˆà¸²à¹‚à¸à¸ªà¸•à¹Œà¹€à¸¥à¸¢55555555555555555 #à¸–à¹‰à¸³à¸«à¸¥à¸§à¸‡ #13à¸Šà¸µà¸§à¸´à¸•à¸•à¹‰à¸­à¸‡à¸£à¸­à¸” https://t.co/3ftWR5ex5g,,"[{u'tag': u'à¸–à¹‰à¸³à¸«à¸¥à¸§à¸‡'}, {u'tag': u'13à¸Šà¸µà¸§à¸´à¸•à¸•à¹‰à¸­à¸‡à¸£à¸­à¸”'}]",1013828170951213057,1,Lion,http://pbs.twimg.com/media/DhHXWZjUwAE9Yt7.jpg,720439267739078656,ğŸ‡¬ğŸ‡§ğŸ‡§ğŸ‡ªà¸ªà¸´à¸‡à¹‚à¸•à¹€à¸›à¹‡à¸™à¹€à¸ˆà¹‰à¸²à¸›à¹ˆà¸²ğŸ‡ºğŸ‡¾ğŸ‡·ğŸ‡º
Tue Jul 03 01:40:24 +0000 2018,RT @bamnontida: à¹à¸­à¸”à¸¡à¸´à¸™à¸„à¸‡à¸„à¸´à¸”à¸§à¹ˆà¸² à¸à¸¹à¹„à¸¡à¹ˆà¸™à¹ˆà¸²à¹‚à¸à¸ªà¸•à¹Œà¹€à¸¥à¸¢55555555555555555 #à¸–à¹‰à¸³à¸«à¸¥à¸§à¸‡ #13à¸Šà¸µà¸§à¸´à¸•à¸•à¹‰à¸­à¸‡à¸£à¸­à¸” https://t.co/3ftWR5ex5g,,"[{u'tag': u'à¸–à¹‰à¸³à¸«à¸¥à¸§à¸‡'}, {u'tag': u'13à¸Šà¸µà¸§à¸´à¸•à¸•à¹‰à¸­à¸‡à¸£à¸­à¸”'}]",1013828170963800064,2,Lion,http://pbs.twimg.com/media/DhHXWZmU0AA8Jcp.jpg,720439267739078656,ğŸ‡¬ğŸ‡§ğŸ‡§ğŸ‡ªà¸ªà¸´à¸‡à¹‚à¸•à¹€à¸›à¹‡à¸™à¹€à¸ˆà¹‰à¸²à¸›à¹ˆà¸²ğŸ‡ºğŸ‡¾ğŸ‡·ğŸ‡º
Tue Jul 03 01:40:24 +0000 2018,RT @bamnontida: à¹à¸­à¸”à¸¡à¸´à¸™à¸„à¸‡à¸„à¸´à¸”à¸§à¹ˆà¸² à¸à¸¹à¹„à¸¡à¹ˆà¸™à¹ˆà¸²à¹‚à¸à¸ªà¸•à¹Œà¹€à¸¥à¸¢55555555555555555 #à¸–à¹‰à¸³à¸«à¸¥à¸§à¸‡ #13à¸Šà¸µà¸§à¸´à¸•à¸•à¹‰à¸­à¸‡à¸£à¸­à¸” https://t.co/3ftWR5ex5g,,"[{u'tag': u'à¸–à¹‰à¸³à¸«à¸¥à¸§à¸‡'}, {u'tag': u'13à¸Šà¸µà¸§à¸´à¸•à¸•à¹‰à¸­à¸‡à¸£à¸­à¸”'}]",1013828170959675394,3,Lion,http://pbs.twimg.com/media/DhHXWZlV4AIbyI4.jpg,720439267739078656,ğŸ‡¬ğŸ‡§ğŸ‡§ğŸ‡ªà¸ªà¸´à¸‡à¹‚à¸•à¹€à¸›à¹‡à¸™à¹€à¸ˆà¹‰à¸²à¸›à¹ˆà¸²ğŸ‡ºğŸ‡¾ğŸ‡·ğŸ‡º
Tue Jul 03 01:40:16 +0000 2018,"RT @EmrgencyKittens: Little lion ğŸ¦

ğŸ“¹: natsuko_cat https://t.co/0dtY96vcfM",,[],1013950955258171392,1,Lion,http://pbs.twimg.com/ext_tw_video_thumb/1013950955258171392/pu/img/uuDfrUUklcV-7qBQ.jpg,78101025,Name cannot be blank
Tue Jul 03 01:40:07 +0000 2018,"RT @EmrgencyKittens: Little lion ğŸ¦

ğŸ“¹: natsuko_cat https://t.co/0dtY96vcfM",,[],1013950955258171392,1,Lion,http://pbs.twimg.com/ext_tw_video_thumb/1013950955258171392/pu/img/uuDfrUUklcV-7qBQ.jpg,2996920039,Sufferina The Paper
Tue Jul 03 01:39:35 +0000 2018,"RT @EmrgencyKittens: Little lion ğŸ¦

ğŸ“¹: natsuko_cat https://t.co/0dtY96vcfM",,[],1013950955258171392,1,Lion,http://pbs.twimg.com/ext_tw_video_thumb/1013950955258171392/pu/img/uuDfrUUklcV-7qBQ.jpg,509239288,shinju ãƒ¡ãƒªãƒ¼
Tue Jul 03 01:39:20 +0000 2018,@kuri_game1 ã“ã‚ã™ã¨ã‹å¯å“€æƒ³ã ã‚ï¼ https://t.co/qIvzKiI2qV,,[],1013960341317824520,1,Lion,http://pbs.twimg.com/media/DhJPjuiVMAgY-ut.jpg,1178886000,ãŒãŠãƒ¼(Â´ãƒ»Ï‰ãƒ»ï½€)ğŸ‡
Tue Jul 03 01:39:12 +0000 2018,"RT @Jindatu: [S]!mba &amp; Zazu 
à¸Šà¸·à¹ˆà¸­à¸™à¸à¸‚à¸­à¸‡à¸ªà¸´à¸‡à¸¡à¸²à¸ˆà¸²à¸à¸‹à¸²à¸‹à¸¹à¹ƒà¸™à¹€à¸£à¸·à¹ˆà¸­à¸‡ Lion King ğŸ¦ #SingtoPrachaya https://t.co/OAM5OIDayA",,[{u'tag': u'SingtoPrachaya'}],1013938101054390272,1,Lion,http://pbs.twimg.com/media/DhI7VLGUwAAZ5dr.jpg,1248007669,Him.J
Tue Jul 03 01:39:12 +0000 2018,"RT @Jindatu: [S]!mba &amp; Zazu 
à¸Šà¸·à¹ˆà¸­à¸™à¸à¸‚à¸­à¸‡à¸ªà¸´à¸‡à¸¡à¸²à¸ˆà¸²à¸à¸‹à¸²à¸‹à¸¹à¹ƒà¸™à¹€à¸£à¸·à¹ˆà¸­à¸‡ Lion King ğŸ¦ #SingtoPrachaya https://t.co/OAM5OIDayA",,[{u'tag': u'SingtoPrachaya'}],1013938111691124736,2,Lion,http://pbs.twimg.com/media/DhI7VyuUcAAFWCU.jpg,1248007669,Him.J
Tue Jul 03 01:39:12 +0000 2018,"RT @Jindatu: [S]!mba &amp; Zazu 
à¸Šà¸·à¹ˆà¸­à¸™à¸à¸‚à¸­à¸‡à¸ªà¸´à¸‡à¸¡à¸²à¸ˆà¸²à¸à¸‹à¸²à¸‹à¸¹à¹ƒà¸™à¹€à¸£à¸·à¹ˆà¸­à¸‡ Lion King ğŸ¦ #SingtoPrachaya https://t.co/OAM5OIDayA",,[{u'tag': u'SingtoPrachaya'}],1013938125465214976,3,Lion,http://pbs.twimg.com/media/DhI7WmCUYAAVpul.jpg,1248007669,Him.J
Tue Jul 03 01:38:59 +0000 2018,"RT @EmrgencyKittens: Little lion ğŸ¦

ğŸ“¹: natsuko_cat https://t.co/0dtY96vcfM",,[],1013950955258171392,1,Lion,http://pbs.twimg.com/ext_tw_video_thumb/1013950955258171392/pu/img/uuDfrUUklcV-7qBQ.jpg,2707255075,hi welcome to jessie's
Tue Jul 03 01:38:58 +0000 2018,RT @historyinmoment: MGM Lion fact. https://t.co/0Fzkqclqwa,,[],1013929333168062466,1,Lion,http://pbs.twimg.com/media/DhIzW0LUwAI5K9n.jpg,356463279,Sebastian Pinto
Tue Jul 03 01:38:44 +0000 2018,"RT @sadanan_IGOT7: à¸ˆà¸±à¸‡à¸«à¸§à¸°à¸‹à¸´à¸—à¸„à¸­à¸¡à¸­à¸µà¸à¹à¸¥à¹‰à¸§à¸§à¸§à¸§à¸§à¸§à¸§à¸§à¸§à¸§
#13à¸Šà¸µà¸§à¸´à¸•à¸•à¹‰à¸­à¸‡à¸£à¸­à¸” #à¸–à¹‰à¹à¸²à¸«à¸¥à¸§à¸‡ https://t.co/a9ReZCf2PY",,"[{u'tag': u'13à¸Šà¸µà¸§à¸´à¸•à¸•à¹‰à¸­à¸‡à¸£à¸­à¸”'}, {u'tag': u'à¸–à¹‰à¹à¸²à¸«à¸¥à¸§à¸‡'}]",1013830144463474688,1,Lion,http://pbs.twimg.com/ext_tw_video_thumb/1013830144463474688/pu/img/i_w3R6bAEZoelYHR.jpg,720439267739078656,ğŸ‡¬ğŸ‡§ğŸ‡§ğŸ‡ªà¸ªà¸´à¸‡à¹‚à¸•à¹€à¸›à¹‡à¸™à¹€à¸ˆà¹‰à¸²à¸›à¹ˆà¸²ğŸ‡ºğŸ‡¾ğŸ‡·ğŸ‡º
Tue Jul 03 01:38:41 +0000 2018,"RT @EmrgencyKittens: Little lion ğŸ¦

ğŸ“¹: natsuko_cat https://t.co/0dtY96vcfM",,[],1013950955258171392,1,Lion,http://pbs.twimg.com/ext_tw_video_thumb/1013950955258171392/pu/img/uuDfrUUklcV-7qBQ.jpg,1011882752449351681,Rodrigo
Tue Jul 03 01:38:36 +0000 2018,RT @DannyDuncan69: Itâ€™s better to be a lion for a day than a sheep all your life. https://t.co/ZcsyEaUGpE,,[],1013944243830706176,1,Lion,http://pbs.twimg.com/media/DhJA6uuU0AA7ejd.jpg,1009523342133477376,layne
Tue Jul 03 01:38:28 +0000 2018,RT @jaonoonnnnnnn: à¸™à¹ˆà¸²à¸£à¸±à¸ à¸¡à¸±à¸™à¸à¸´à¸™à¹„à¸¡à¹ˆà¹„à¸”à¹‰à¹€à¸”à¹‰à¸­à¸ˆà¹‰à¸²à¸²à¸²à¸²5555555 #13à¸Šà¸µà¸§à¸´à¸•à¸•à¹‰à¸­à¸‡à¸£à¸­à¸” #à¸–à¹‰à¸³à¸«à¸¥à¸§à¸‡ https://t.co/bVc23Zgd6j,,"[{u'tag': u'13à¸Šà¸µà¸§à¸´à¸•à¸•à¹‰à¸­à¸‡à¸£à¸­à¸”'}, {u'tag': u'à¸–à¹‰à¸³à¸«à¸¥à¸§à¸‡'}]",1013822794751066113,1,Lion,http://pbs.twimg.com/media/DhHSddpUwAEKg-J.jpg,720439267739078656,ğŸ‡¬ğŸ‡§ğŸ‡§ğŸ‡ªà¸ªà¸´à¸‡à¹‚à¸•à¹€à¸›à¹‡à¸™à¹€à¸ˆà¹‰à¸²à¸›à¹ˆà¸²ğŸ‡ºğŸ‡¾ğŸ‡·ğŸ‡º
Tue Jul 03 01:38:23 +0000 2018,RT @_ashhleysara: the girl w the lion tattoo https://t.co/0lxJ49qEU8,,[],1007366878304526336,1,Lion,http://pbs.twimg.com/media/Dfri1qvV4AAj5uQ.jpg,60210804,ğŸ§â€â™€ï¸
Tue Jul 03 01:38:23 +0000 2018,RT @_ashhleysara: the girl w the lion tattoo https://t.co/0lxJ49qEU8,,[],1007366878296039424,2,Lion,http://pbs.twimg.com/media/Dfri1qtUYAA9dOK.jpg,60210804,ğŸ§â€â™€ï¸
Tue Jul 03 01:38:21 +0000 2018,RT @KroosT8: All the love to this Mexican goalkeeper Guillermo Ochoa with a huge heart of a LION. #BRAMEX https://t.co/IvHkQfP6DO,,[{u'tag': u'BRAMEX'}],1013814044233527297,1,Lion,http://pbs.twimg.com/media/DhHKgHbXcAE7Tab.jpg,1414725006,Breezy
Fri Jun 29 10:27:29 +0000 2018,"Happy birthday to our lovely Rothschild's giraffe, Janica, who turns 13 today! ğŸ¦’ğŸ‰

(ğŸ“· @MiriamHaas11) https://t.co/z2w8YiZDy0",,[],1012643710230843397,1,Rothschild Giraffe,http://pbs.twimg.com/media/Dg2iFthX0AUxGYr.jpg,217104548,Paignton Zoo
Tue Jun 26 06:13:57 +0000 2018,The Brain of a Plains zebra https://t.co/ECXKCjC0r2 #braincatalogue https://t.co/AFu5Z1c2U1,,[{u'tag': u'braincatalogue'}],1011492741736554496,1,Plains Zebra,http://pbs.twimg.com/media/DgmLShwX4AANA9N.jpg,728514164717723648,Brain Catalogue
Mon Jun 25 08:08:20 +0000 2018,"Sad that I missed the Great Grevy's Ball in Laikipia, but the plains zebra in the Mara are pretty cute too https://t.co/XVC8xmtNqK",,[],1011158648717012992,1,Plains Zebra,http://pbs.twimg.com/media/DghbbwRXcAALC21.jpg,3396881458,Jessica Gunson
Sun Jun 24 18:13:43 +0000 2018,The Brain of a Plains zebra https://t.co/ECXKCjC0r2 #braincatalogue https://t.co/ypPjQe7se2,,[{u'tag': u'braincatalogue'}],1010949100873945088,1,Plains Zebra,http://pbs.twimg.com/media/Dgec2duXkAABfFA.jpg,728514164717723648,Brain Catalogue
Sat Jun 23 18:13:29 +0000 2018,The Brain of a Plains zebra https://t.co/ECXKCjC0r2 #braincatalogue https://t.co/lOjN4RtZX7,,[{u'tag': u'braincatalogue'}],1010586655621861376,1,Plains Zebra,http://pbs.twimg.com/media/DgZTNX8XUAAMlhU.jpg,728514164717723648,Brain Catalogue
Sat Jun 23 16:34:17 +0000 2018,"1870: The only existing photo of a Quagga, a plains zebra that is now extinct. https://t.co/MVp0vT2ue5",,[],773414513991442432,1,Plains Zebra,http://pbs.twimg.com/media/Cru4ZxqXYAAZR0_.jpg,4881037702,âœ¤Greg Carrollâœ¤
Fri Jun 29 11:39:05 +0000 2018,The majestic African elephant strolling in the expansive savannah. #Africanelephant #MsetoFriday #RaiseAGlassKE https://t.co/nuFC8Lih4L,,"[{u'tag': u'Africanelephant'}, {u'tag': u'MsetoFriday'}, {u'tag': u'RaiseAGlassKE'}]",1012661340073275392,1,Savannah Elephant,http://pbs.twimg.com/media/Dg2yH5zWsAA0gqa.jpg,910026966073532417,Britex travels
Sat Jun 23 19:17:48 +0000 2018,RT @LandrySutton: Rare elephant strawberry RT for good luck ignore for 11 years bad luck https://t.co/MvLx68IDKF,,[],1007662291100229632,1,Savannah Elephant,http://pbs.twimg.com/media/Dfvvg9KV4AAJNwy.jpg,787488406720897024,Savannah
Sat Jun 23 19:17:48 +0000 2018,RT @LandrySutton: Rare elephant strawberry RT for good luck ignore for 11 years bad luck https://t.co/MvLx68IDKF,,[],1007662291112714240,2,Savannah Elephant,http://pbs.twimg.com/media/Dfvvg9NUYAAc-XN.jpg,787488406720897024,Savannah
Sat Jun 23 19:17:48 +0000 2018,RT @LandrySutton: Rare elephant strawberry RT for good luck ignore for 11 years bad luck https://t.co/MvLx68IDKF,,[],1007662291108573184,3,Savannah Elephant,http://pbs.twimg.com/media/Dfvvg9MVMAAVzLv.jpg,787488406720897024,Savannah
Mon Jul 02 14:59:28 +0000 2018,"New artwork for sale! - ""Masai Giraffe #2"" - https://t.co/mV7o054rLX @fineartamerica https://t.co/MBS62qG4Bt",,[],1013799318149632000,1,Masai Giraffe,http://pbs.twimg.com/media/DhG9G8fXkAAFISl.jpg,2956193787,Judy Whitton
Mon Jul 02 13:38:30 +0000 2018,"RT @Piclogy: Giraffe Under Sun Light, Masai Mara National Reserve, #Kenya | Photography by Â©Andy Rouse https://t.co/K5a15cs7Hf",,[{u'tag': u'Kenya'}],672448731229380608,1,Masai Giraffe,http://pbs.twimg.com/media/CVUEjuqW4AAG8Av.jpg,383953103,Diane ğŸ”…
Fri Jun 29 17:46:43 +0000 2018,"Giraffe, Masai Mara, Sept 2017. #mara #masaimara #kenya #giraffe https://t.co/XPFcT0XmJb",,"[{u'tag': u'mara'}, {u'tag': u'masaimara'}, {u'tag': u'kenya'}, {u'tag': u'giraffe'}]",1012754241218383872,1,Masai Giraffe,http://pbs.twimg.com/media/Dg4GndiXkAAf_w6.jpg,120362099,Dr Ajay Kumar Singh
Wed Jun 27 23:32:09 +0000 2018,RT @_paigebryan_: Masai Giraffe appreciation post https://t.co/HoL2bUZsER,,[],1012089524019712001,1,Masai Giraffe,http://pbs.twimg.com/media/DguqD1AW0AEtBOR.jpg,576099492,Marta
Wed Jun 27 23:32:09 +0000 2018,RT @_paigebryan_: Masai Giraffe appreciation post https://t.co/HoL2bUZsER,,[],1012089524028149764,2,Masai Giraffe,http://pbs.twimg.com/media/DguqD1CXkAQpn6K.jpg,576099492,Marta
Wed Jun 27 23:32:09 +0000 2018,RT @_paigebryan_: Masai Giraffe appreciation post https://t.co/HoL2bUZsER,,[],1012089524044918784,3,Masai Giraffe,http://pbs.twimg.com/media/DguqD1GXcAAqK5t.jpg,576099492,Marta
Wed Jun 27 23:32:09 +0000 2018,RT @_paigebryan_: Masai Giraffe appreciation post https://t.co/HoL2bUZsER,,[],1012089524032360449,4,Masai Giraffe,http://pbs.twimg.com/media/DguqD1DX0AEaE_M.jpg,576099492,Marta
Wed Jun 27 23:21:46 +0000 2018,RT @_paigebryan_: Masai Giraffe appreciation post https://t.co/HoL2bUZsER,,[],1012089524019712001,1,Masai Giraffe,http://pbs.twimg.com/media/DguqD1AW0AEtBOR.jpg,3603337276,Madd
Wed Jun 27 23:21:46 +0000 2018,RT @_paigebryan_: Masai Giraffe appreciation post https://t.co/HoL2bUZsER,,[],1012089524028149764,2,Masai Giraffe,http://pbs.twimg.com/media/DguqD1CXkAQpn6K.jpg,3603337276,Madd
Wed Jun 27 23:21:46 +0000 2018,RT @_paigebryan_: Masai Giraffe appreciation post https://t.co/HoL2bUZsER,,[],1012089524044918784,3,Masai Giraffe,http://pbs.twimg.com/media/DguqD1GXcAAqK5t.jpg,3603337276,Madd
Wed Jun 27 23:21:46 +0000 2018,RT @_paigebryan_: Masai Giraffe appreciation post https://t.co/HoL2bUZsER,,[],1012089524032360449,4,Masai Giraffe,http://pbs.twimg.com/media/DguqD1DX0AEaE_M.jpg,3603337276,Madd
Wed Jun 27 23:02:45 +0000 2018,RT @_paigebryan_: Masai Giraffe appreciation post https://t.co/HoL2bUZsER,,[],1012089524019712001,1,Masai Giraffe,http://pbs.twimg.com/media/DguqD1AW0AEtBOR.jpg,2859519814,Jess Anderson
Wed Jun 27 23:02:45 +0000 2018,RT @_paigebryan_: Masai Giraffe appreciation post https://t.co/HoL2bUZsER,,[],1012089524028149764,2,Masai Giraffe,http://pbs.twimg.com/media/DguqD1CXkAQpn6K.jpg,2859519814,Jess Anderson
Wed Jun 27 23:02:45 +0000 2018,RT @_paigebryan_: Masai Giraffe appreciation post https://t.co/HoL2bUZsER,,[],1012089524044918784,3,Masai Giraffe,http://pbs.twimg.com/media/DguqD1GXcAAqK5t.jpg,2859519814,Jess Anderson
Wed Jun 27 23:02:45 +0000 2018,RT @_paigebryan_: Masai Giraffe appreciation post https://t.co/HoL2bUZsER,,[],1012089524032360449,4,Masai Giraffe,http://pbs.twimg.com/media/DguqD1DX0AEaE_M.jpg,2859519814,Jess Anderson
Wed Jun 27 21:52:15 +0000 2018,RT @_paigebryan_: Masai Giraffe appreciation post https://t.co/HoL2bUZsER,,[],1012089524019712001,1,Masai Giraffe,http://pbs.twimg.com/media/DguqD1AW0AEtBOR.jpg,4094061141,David Oder
Wed Jun 27 21:52:15 +0000 2018,RT @_paigebryan_: Masai Giraffe appreciation post https://t.co/HoL2bUZsER,,[],1012089524028149764,2,Masai Giraffe,http://pbs.twimg.com/media/DguqD1CXkAQpn6K.jpg,4094061141,David Oder
Wed Jun 27 21:52:15 +0000 2018,RT @_paigebryan_: Masai Giraffe appreciation post https://t.co/HoL2bUZsER,,[],1012089524044918784,3,Masai Giraffe,http://pbs.twimg.com/media/DguqD1GXcAAqK5t.jpg,4094061141,David Oder
Wed Jun 27 21:52:15 +0000 2018,RT @_paigebryan_: Masai Giraffe appreciation post https://t.co/HoL2bUZsER,,[],1012089524032360449,4,Masai Giraffe,http://pbs.twimg.com/media/DguqD1DX0AEaE_M.jpg,4094061141,David Oder
Wed Jun 27 21:45:26 +0000 2018,Masai Giraffe appreciation post https://t.co/HoL2bUZsER,,[],1012089524019712001,1,Masai Giraffe,http://pbs.twimg.com/media/DguqD1AW0AEtBOR.jpg,2950605922,paige
Wed Jun 27 21:45:26 +0000 2018,Masai Giraffe appreciation post https://t.co/HoL2bUZsER,,[],1012089524028149764,2,Masai Giraffe,http://pbs.twimg.com/media/DguqD1CXkAQpn6K.jpg,2950605922,paige
Wed Jun 27 21:45:26 +0000 2018,Masai Giraffe appreciation post https://t.co/HoL2bUZsER,,[],1012089524044918784,3,Masai Giraffe,http://pbs.twimg.com/media/DguqD1GXcAAqK5t.jpg,2950605922,paige
Wed Jun 27 21:45:26 +0000 2018,Masai Giraffe appreciation post https://t.co/HoL2bUZsER,,[],1012089524032360449,4,Masai Giraffe,http://pbs.twimg.com/media/DguqD1DX0AEaE_M.jpg,2950605922,paige
Wed Jun 27 16:39:53 +0000 2018,"#tddmoods Animals: Oriental Shorthair, Masai Giraffe, American Badger, Ragamuffin https://t.co/0NndPJJvpJ",,[{u'tag': u'tddmoods'}],1012012565403074561,1,Masai Giraffe,http://pbs.twimg.com/media/DgtkEP0VAAEuN3-.jpg,839070235944763392,That one diaster...
Wed Jun 27 16:39:53 +0000 2018,"#tddmoods Animals: Oriental Shorthair, Masai Giraffe, American Badger, Ragamuffin https://t.co/0NndPJJvpJ",,[{u'tag': u'tddmoods'}],1012012593232277504,2,Masai Giraffe,http://pbs.twimg.com/media/DgtkF3fU8AABIqM.jpg,839070235944763392,That one diaster...
Wed Jun 27 16:39:53 +0000 2018,"#tddmoods Animals: Oriental Shorthair, Masai Giraffe, American Badger, Ragamuffin https://t.co/0NndPJJvpJ",,[{u'tag': u'tddmoods'}],1012012610303111169,3,Masai Giraffe,http://pbs.twimg.com/media/DgtkG3FVMAEHzuP.jpg,839070235944763392,That one diaster...
Wed Jun 27 16:39:53 +0000 2018,"#tddmoods Animals: Oriental Shorthair, Masai Giraffe, American Badger, Ragamuffin https://t.co/0NndPJJvpJ",,[{u'tag': u'tddmoods'}],1012012630347661312,4,Masai Giraffe,http://pbs.twimg.com/media/DgtkIBwUwAAFD1A.jpg,839070235944763392,That one diaster...
Sat Jun 23 07:31:59 +0000 2018,RT @giraffes_rule1: The Masai Giraffe is extremely powerful due to the design of the legs and the hooves. https://t.co/SIFE1Ny2jf,,[],780627088466411521,1,Masai Giraffe,http://pbs.twimg.com/media/CtVYM3YWgAEBM-3.jpg,4054925549,Elizacat
Tue Jul 03 00:08:37 +0000 2018,RT @JeepahoIics: Rhino Lined Black JeepğŸ‘ŒğŸ½ https://t.co/fHCkJt16or,,[],1013340793719779328,1,Black Rhino,http://pbs.twimg.com/media/DhAcFT4UcAAcx4j.jpg,890583096,Noura Alfityani
Mon Jul 02 19:35:18 +0000 2018,RT @JeepahoIics: Rhino Lined Black JeepğŸ‘ŒğŸ½ https://t.co/fHCkJt16or,,[],1013340793719779328,1,Black Rhino,http://pbs.twimg.com/media/DhAcFT4UcAAcx4j.jpg,1013831654157111296,Cameron James
Mon Jul 02 19:10:06 +0000 2018,Video: Black rhino bulls clash in the pool - Africa Geographic https://t.co/taZdsLS6sy https://t.co/YhMopNTtSN,,[],1013862396157362176,1,Black Rhino,http://pbs.twimg.com/media/DhH2ekYWAAAfZSj.jpg,1344476419,WildWingsSafaris
Mon Jul 02 19:04:41 +0000 2018,RT @JeepahoIics: Rhino Lined Black JeepğŸ‘ŒğŸ½ https://t.co/fHCkJt16or,,[],1013340793719779328,1,Black Rhino,http://pbs.twimg.com/media/DhAcFT4UcAAcx4j.jpg,1013684409298452480,Maria
Mon Jul 02 17:50:56 +0000 2018,"RT @damoche: The Storm is Coming for the Black Rhino...

I am shook. https://t.co/tPeIaVLKwi",,[],1013840280280281088,1,Black Rhino,http://pbs.twimg.com/media/DhHiXQUWsAAsPr6.jpg,42700434,The Chariots and The Horsemen
Mon Jul 02 17:43:31 +0000 2018,RT @JeepahoIics: Rhino Lined Black JeepğŸ‘ŒğŸ½ https://t.co/fHCkJt16or,,[],1013340793719779328,1,Black Rhino,http://pbs.twimg.com/media/DhAcFT4UcAAcx4j.jpg,993496561446543361,Alexis Raelyn
Mon Jul 02 17:42:15 +0000 2018,"The Storm is Coming for the Black Rhino...

I am shook. https://t.co/tPeIaVLKwi",,[],1013840280280281088,1,Black Rhino,http://pbs.twimg.com/media/DhHiXQUWsAAsPr6.jpg,28599653,Adetayo
Mon Jul 02 17:10:50 +0000 2018,RT @JeepahoIics: Rhino Lined Black JeepğŸ‘ŒğŸ½ https://t.co/fHCkJt16or,,[],1013340793719779328,1,Black Rhino,http://pbs.twimg.com/media/DhAcFT4UcAAcx4j.jpg,3233281345,Capria Howell
Mon Jul 02 16:08:13 +0000 2018,RT @JeepahoIics: Rhino Lined Black JeepğŸ‘ŒğŸ½ https://t.co/fHCkJt16or,,[],1013340793719779328,1,Black Rhino,http://pbs.twimg.com/media/DhAcFT4UcAAcx4j.jpg,721197258,Courtney Robertson
Mon Jul 02 15:18:21 +0000 2018,RT @JeepahoIics: Rhino Lined Black JeepğŸ‘ŒğŸ½ https://t.co/fHCkJt16or,,[],1013340793719779328,1,Black Rhino,http://pbs.twimg.com/media/DhAcFT4UcAAcx4j.jpg,2316510337,Hannah
Mon Jul 02 15:17:45 +0000 2018,RT @JeepahoIics: Rhino Lined Black JeepğŸ‘ŒğŸ½ https://t.co/fHCkJt16or,,[],1013340793719779328,1,Black Rhino,http://pbs.twimg.com/media/DhAcFT4UcAAcx4j.jpg,2439458970,Connor Walsh
Mon Jul 02 14:22:07 +0000 2018,RT @JeepahoIics: Rhino Lined Black JeepğŸ‘ŒğŸ½ https://t.co/fHCkJt16or,,[],1013340793719779328,1,Black Rhino,http://pbs.twimg.com/media/DhAcFT4UcAAcx4j.jpg,3719928553,m a i d y ğŸŒ»
Mon Jul 02 13:47:30 +0000 2018,RT @JeepahoIics: Rhino Lined Black JeepğŸ‘ŒğŸ½ https://t.co/fHCkJt16or,,[],1013340793719779328,1,Black Rhino,http://pbs.twimg.com/media/DhAcFT4UcAAcx4j.jpg,628025351,Andrew ğŸ¦†
Mon Jul 02 13:26:04 +0000 2018,RT @JeepahoIics: Rhino Lined Black JeepğŸ‘ŒğŸ½ https://t.co/fHCkJt16or,,[],1013340793719779328,1,Black Rhino,http://pbs.twimg.com/media/DhAcFT4UcAAcx4j.jpg,862659537765052416,Raelynn Straight
Mon Jul 02 13:13:55 +0000 2018,RT @JeepahoIics: Rhino Lined Black JeepğŸ‘ŒğŸ½ https://t.co/fHCkJt16or,,[],1013340793719779328,1,Black Rhino,http://pbs.twimg.com/media/DhAcFT4UcAAcx4j.jpg,883006929949392896,Jordyn Simonson
Mon Jul 02 12:30:08 +0000 2018,https://t.co/x4x6SmGE7B White Rhino Design Mens Black T-Shirt #mmj #thc #weed #hemp #cannabis #seeds #cbd https://t.co/YcsNjFLFTv,,"[{u'tag': u'mmj'}, {u'tag': u'thc'}, {u'tag': u'weed'}, {u'tag': u'hemp'}, {u'tag': u'cannabis'}, {u'tag': u'seeds'}, {u'tag': u'cbd'}]",1013761740906123264,1,Black Rhino,http://pbs.twimg.com/media/DhGa7qWXUAAkC_h.jpg,785771255576141824,420 Stoners Corner
Mon Jul 02 10:44:04 +0000 2018,"Cheap Rhino Rack 2-Bar Sportz Rail Mount Aero Bar Roof Rack System, Black, SXBS22 https://t.co/uRoZVGgcQm https://t.co/pEilw8fhFW",,[],1013735048800034816,1,Black Rhino,http://pbs.twimg.com/media/DhGCp-gW4AA4XN9.jpg,710392769651544064,iheadphonesusa
Mon Jul 02 10:19:37 +0000 2018,RT @JeepahoIics: Rhino Lined Black JeepğŸ‘ŒğŸ½ https://t.co/fHCkJt16or,,[],1013340793719779328,1,Black Rhino,http://pbs.twimg.com/media/DhAcFT4UcAAcx4j.jpg,125573658,stevie
Mon Jul 02 09:50:01 +0000 2018,"NEOUZA Compatible for DYMO Rhino IND Black on White Vinyl Label Tape 18445 19mm 3/4 (6PK)
https://t.co/Aepuh9JR61 https://t.co/RWsC5xJgv3",,[],1013721445569105920,1,Black Rhino,http://pbs.twimg.com/media/DhF2SKhXkAALXmL.jpg,257990597,Amazon Hot Sales
Mon Jul 02 23:45:46 +0000 2018,RT @wheretobuyvapes: White Rhino ğŸ¦ https://t.co/3YGO0lK6fa,,[],1013840010796138497,1,White Rhino,http://pbs.twimg.com/media/DhHiHkaVAAEQMnu.jpg,977888666419957762,Smiley Jones
Mon Jul 02 23:34:46 +0000 2018,RT @wheretobuyvapes: White Rhino ğŸ¦ https://t.co/3YGO0lK6fa,,[],1013840010796138497,1,White Rhino,http://pbs.twimg.com/media/DhHiHkaVAAEQMnu.jpg,3233299010,Smoke With Friends!
Mon Jul 02 23:24:58 +0000 2018,RT @wheretobuyvapes: White Rhino ğŸ¦ https://t.co/3YGO0lK6fa,,[],1013840010796138497,1,White Rhino,http://pbs.twimg.com/media/DhHiHkaVAAEQMnu.jpg,1036981855,U
Mon Jul 02 22:23:07 +0000 2018,RT @wheretobuyvapes: White Rhino ğŸ¦ https://t.co/3YGO0lK6fa,,[],1013840010796138497,1,White Rhino,http://pbs.twimg.com/media/DhHiHkaVAAEQMnu.jpg,932494324306079745,The Herbal Coast
Mon Jul 02 22:15:10 +0000 2018,RT @wheretobuyvapes: White Rhino ğŸ¦ https://t.co/3YGO0lK6fa,,[],1013840010796138497,1,White Rhino,http://pbs.twimg.com/media/DhHiHkaVAAEQMnu.jpg,749264575565004800,Thiong
Mon Jul 02 21:19:39 +0000 2018,RT @wheretobuyvapes: White Rhino ğŸ¦ https://t.co/3YGO0lK6fa,,[],1013840010796138497,1,White Rhino,http://pbs.twimg.com/media/DhHiHkaVAAEQMnu.jpg,1126067054,Bashir
Mon Jul 02 21:13:09 +0000 2018,RT @wheretobuyvapes: White Rhino ğŸ¦ https://t.co/3YGO0lK6fa,,[],1013840010796138497,1,White Rhino,http://pbs.twimg.com/media/DhHiHkaVAAEQMnu.jpg,996903273213906945,N.K McKay_WeHere
Tue Jun 26 20:21:56 +0000 2018,"Today's moment of zen: 10 humpback whales bubble feeding in Stellwagen. 

Related: Whales are cool. 

@cruiseBHC https://t.co/4Ku1FVtHzN",,[],1011705911885193216,1,Humpback Whales,http://pbs.twimg.com/ext_tw_video_thumb/1011705911885193216/pu/img/2yqXay1IeOkf9Cni.jpg,168912732,Eric Fisher
Tue Jul 03 01:08:51 +0000 2018,RT @walkwithnature1: Humpback whales feeding in Alaska. https://t.co/62iiA39ItD,,[],1012721305328775170,1,Humpback Whales,http://pbs.twimg.com/media/Dg3oqVyXcAIMotV.jpg,702531279741255680,Travis Jackson
Mon Jul 02 22:40:52 +0000 2018,"RT @GORAE_bot: í˜¹ë“±ê³ ë˜ Humpback whale
https://t.co/ZXgf1rUOFF https://t.co/mwL8fMu8o1",,[],882101827570851840,1,Humpback Whales,http://pbs.twimg.com/media/DD3a8EgVYAAyn4A.jpg,1597524055,í•˜ë¼/ãƒãƒ©(Tokyo 06/30~07/03)
Mon Jul 02 21:10:14 +0000 2018,RT @walkwithnature1: Humpback whales feeding in Alaska. https://t.co/62iiA39ItD,,[],1012721305328775170,1,Humpback Whales,http://pbs.twimg.com/media/Dg3oqVyXcAIMotV.jpg,52723837,Ben Cross
Mon Jul 02 21:05:03 +0000 2018,"RT @GORAE_bot: í˜¹ë“±ê³ ë˜ Humpback whale
https://t.co/ZXgf1rUOFF https://t.co/mwL8fMu8o1",,[],882101827570851840,1,Humpback Whales,http://pbs.twimg.com/media/DD3a8EgVYAAyn4A.jpg,280441463,ë‚˜ë¬¼
Mon Jul 02 20:51:12 +0000 2018,"RT @GORAE_bot: í˜¹ë“±ê³ ë˜ Humpback whale
https://t.co/ZXgf1rUOFF https://t.co/mwL8fMu8o1",,[],882101827570851840,1,Humpback Whales,http://pbs.twimg.com/media/DD3a8EgVYAAyn4A.jpg,826271985986568192,ì°¸
Tue Jul 03 01:41:06 +0000 2018,RT @santiandramsey: 3ç‚¹ç›®ã®ã‚«ã‚¦ãƒ³ã‚¿ãƒ¼ã¯ä½•åº¦è¦‹ã¦ã‚‚ãƒ‡ãƒ–ãƒ©ã‚¤ãƒã«æ¸¡ã£ãŸå¾Œã¯ã©ã†ã—ã‚ˆã†ã‚‚ãªã„æ„ŸãŒã‚ã‚‹ã®ã§ã“ã‚Œã‚’ã‚„ã‚‹ã—ã‹ãªã‹ã£ãŸã®ã§ã¯ https://t.co/6jHJ4Uo9Hg,,[],1013902122625089536,1,Tiger,http://pbs.twimg.com/ext_tw_video_thumb/1013902122625089536/pu/img/zY_u-wvawIOVuaeT.jpg,2265224853,ã‚¤ãƒã‚´ã‚¹ãƒšã‚·ãƒ£ãƒ«âŠ¿ä¹ƒæœ¨å‚ã¿ãªã¿
Tue Jul 03 01:41:04 +0000 2018,"RT @jmnpics: jimin has probably a tiger in his throat 

#TeenChoice #ChoiceFandom #BTSARMY @BTS_twt https://t.co/qB7MqTg6B5",,"[{u'tag': u'TeenChoice'}, {u'tag': u'ChoiceFandom'}, {u'tag': u'BTSARMY'}]",1013957355904565248,1,Tiger,http://pbs.twimg.com/ext_tw_video_thumb/1013957355904565248/pu/img/Z8OCko9sakV-MR4Y.jpg,977165560160145408,ë‚™ì› |  ë³´ì¡°ê°œğŸŒ»
Tue Jul 03 01:40:57 +0000 2018,RT @SeamonkeyzRule: #CyclopsHasHisEyeOn  A tiger https://t.co/PoJbeQXQQN,,[{u'tag': u'CyclopsHasHisEyeOn'}],1013960296564547584,1,Tiger,http://pbs.twimg.com/tweet_video_thumb/DhJPhH0UYAAMhKT.jpg,790780953698250752,SotallyHappyKitty
Tue Jul 03 01:40:54 +0000 2018,"RT @jmnpics: jimin has probably a tiger in his throat 

#TeenChoice #ChoiceFandom #BTSARMY @BTS_twt https://t.co/qB7MqTg6B5",,"[{u'tag': u'TeenChoice'}, {u'tag': u'ChoiceFandom'}, {u'tag': u'BTSARMY'}]",1013957355904565248,1,Tiger,http://pbs.twimg.com/ext_tw_video_thumb/1013957355904565248/pu/img/Z8OCko9sakV-MR4Y.jpg,799434292849844224,el mariachi â™¡ | jjk
Tue Jul 03 01:40:48 +0000 2018,"RT @jmnpics: jimin has probably a tiger in his throat 

#TeenChoice #ChoiceFandom #BTSARMY @BTS_twt https://t.co/qB7MqTg6B5",,"[{u'tag': u'TeenChoice'}, {u'tag': u'ChoiceFandom'}, {u'tag': u'BTSARMY'}]",1013957355904565248,1,Tiger,http://pbs.twimg.com/ext_tw_video_thumb/1013957355904565248/pu/img/Z8OCko9sakV-MR4Y.jpg,922897950950469632,JoWalle
Tue Jul 03 01:40:47 +0000 2018,"RT @sugafull27: BTS DNA mv is in the Drunken Tiger MV ğŸ‘ğŸ¼

#ChoiceFandom #BTSARMY #TeenChoice @BTS_twt

 https://t.co/Klw1zCnDUR",,"[{u'tag': u'ChoiceFandom'}, {u'tag': u'BTSARMY'}, {u'tag': u'TeenChoice'}]",1013913357521260544,1,Tiger,http://pbs.twimg.com/ext_tw_video_thumb/1013913357521260544/pu/img/2YEgNR0aCzTBey8W.jpg,929250117172969472,noorungarmy
Tue Jul 03 01:40:40 +0000 2018,RT @yoontaestuff: a tiger and a cat : what a couple https://t.co/adcADwEZY7,,[],1013883392436391936,1,Tiger,http://pbs.twimg.com/media/DhIJktnW0AA1I_e.jpg,900304321052524545,Vanilla â™¥ Strawberry
Tue Jul 03 01:40:40 +0000 2018,RT @yoontaestuff: a tiger and a cat : what a couple https://t.co/adcADwEZY7,,[],1013883398576902144,2,Tiger,http://pbs.twimg.com/media/DhIJlEfXkAAoWIU.jpg,900304321052524545,Vanilla â™¥ Strawberry
Tue Jul 03 01:40:32 +0000 2018,"RT @Thyview: Why Fans Love Young Tiger #NTR @tarak9999

#ThyviewAlbums https://t.co/KZIAihbhlA",,"[{u'tag': u'NTR'}, {u'tag': u'ThyviewAlbums'}]",1012560514038235136,1,Tiger,http://pbs.twimg.com/media/Dg1WbDjWAAA-mQg.jpg,3253783614,Ajay Tarak â„¢
Tue Jul 03 01:40:32 +0000 2018,"RT @Thyview: Why Fans Love Young Tiger #NTR @tarak9999

#ThyviewAlbums https://t.co/KZIAihbhlA",,"[{u'tag': u'NTR'}, {u'tag': u'ThyviewAlbums'}]",1012560522342993921,2,Tiger,http://pbs.twimg.com/media/Dg1WbifWkAEJjaf.jpg,3253783614,Ajay Tarak â„¢
Tue Jul 03 01:40:26 +0000 2018,"RT @sugafull27: BTS DNA mv is in the Drunken Tiger MV ğŸ‘ğŸ¼

#ChoiceFandom #BTSARMY #TeenChoice @BTS_twt

 https://t.co/Klw1zCnDUR",,"[{u'tag': u'ChoiceFandom'}, {u'tag': u'BTSARMY'}, {u'tag': u'TeenChoice'}]",1013913357521260544,1,Tiger,http://pbs.twimg.com/ext_tw_video_thumb/1013913357521260544/pu/img/2YEgNR0aCzTBey8W.jpg,984960620758958080,à¸‹à¸²à¸£à¸²à¸‡à¸¶à¸™à¹à¸®à¸”à¸”à¸²à¸­à¸¹à¸£à¸µà¸à¸²à¸¡à¸±à¸™à¸™à¸²
Tue Jul 03 01:40:24 +0000 2018,"RT @jmnpics: jimin has probably a tiger in his throat 

#TeenChoice #ChoiceFandom #BTSARMY @BTS_twt https://t.co/qB7MqTg6B5",,"[{u'tag': u'TeenChoice'}, {u'tag': u'ChoiceFandom'}, {u'tag': u'BTSARMY'}]",1013957355904565248,1,Tiger,http://pbs.twimg.com/ext_tw_video_thumb/1013957355904565248/pu/img/Z8OCko9sakV-MR4Y.jpg,2349990349,jaaowbaejinyoung
Tue Jul 03 01:40:21 +0000 2018,"RT @WingsforBTS_TR: Drunken Tiger'Ä±n MV'sinde BTS DNA klibi gÃ¶sterilmiÅŸ ~

 https://t.co/zC4cmjYD97",,[],1013913357521260544,1,Tiger,http://pbs.twimg.com/ext_tw_video_thumb/1013913357521260544/pu/img/2YEgNR0aCzTBey8W.jpg,4871605073,NILOLIHAZA-ARMY-EXOL
Tue Jul 03 01:40:20 +0000 2018,The tigerğŸ… and the leopardğŸ† love my gal @izzyrosexx â¤ https://t.co/8m06ySmRME,,[],1013960589432025088,1,Tiger,http://pbs.twimg.com/media/DhJPyK1XcAAoq5m.jpg,318636533,Chloe
Tue Jul 03 01:40:18 +0000 2018,"RT @sugafull27: BTS DNA mv is in the Drunken Tiger MV ğŸ‘ğŸ¼

#ChoiceFandom #BTSARMY #TeenChoice @BTS_twt

 https://t.co/Klw1zCnDUR",,"[{u'tag': u'ChoiceFandom'}, {u'tag': u'BTSARMY'}, {u'tag': u'TeenChoice'}]",1013913357521260544,1,Tiger,http://pbs.twimg.com/ext_tw_video_thumb/1013913357521260544/pu/img/2YEgNR0aCzTBey8W.jpg,1339317482,Háµ…áµ–áµ–áµ â—¡Ìˆâ‹†*âœ©
Tue Jul 03 01:40:08 +0000 2018,TIGER&amp;BUNNYã¨ã‹ã„ã†ç‹é“ã‚¢ãƒ‹ãƒ¡ï½—ï½—ï½—ï½—ï½—ï½—ï½—ï½—ï½—ï½— https://t.co/XatzZanROf https://t.co/7ycurHikjX,,[],1013960550181584896,1,Tiger,http://pbs.twimg.com/media/DhJPv4nVQAA_D6b.jpg,4807963291,ãƒªãƒ¥ãƒ¼ã‚¯ãƒ³
Tue Jul 03 01:40:08 +0000 2018,"RT @i7_tamaso45: #ã‚¢ã‚¤ãƒŠãƒŠã‚¯ãƒ©ã‚¹ã‚¿ã•ã‚“ã¨ç¹‹ãŒã‚ŠãŸã„
#ã‚¢ã‚¤ãƒŠãƒŠå¥½ãã•ã‚“ã¨ç¹‹ãŒã‚ŠãŸã„ 
#ã‚¢ã‚¤ãƒŠãƒŠçµµæãã•ã‚“ã¨ç¹‹ãŒã‚ŠãŸã„ 
45å¤šã‚ã«è‰²ã€…æã„ã¦ã¾ã™ï¼
ããƒ¼ã¡ã‚ƒã‚“æœ€æ¨ã—ã®ã€ã‚ã£ãå¯„ã‚Šã®ç®±æ¨ã—ã§ã™ https://t.co/mujpoX8RmD",,"[{u'tag': u'ã‚¢ã‚¤ãƒŠãƒŠã‚¯ãƒ©ã‚¹ã‚¿ã•ã‚“ã¨ç¹‹ãŒã‚ŠãŸã„'}, {u'tag': u'ã‚¢ã‚¤ãƒŠãƒŠå¥½ãã•ã‚“ã¨ç¹‹ãŒã‚ŠãŸã„'}, {u'tag': u'ã‚¢ã‚¤ãƒŠãƒŠçµµæãã•ã‚“ã¨ç¹‹ãŒã‚ŠãŸã„'}]",1013726570551205888,1,Tiger,http://pbs.twimg.com/media/DhF68ekUYAAAVUx.jpg,987913375060443138,ãƒŸãƒ¤@ãƒ©ã‚¤ãƒ–1dayå‚æˆ¦
Tue Jul 03 01:40:08 +0000 2018,"RT @i7_tamaso45: #ã‚¢ã‚¤ãƒŠãƒŠã‚¯ãƒ©ã‚¹ã‚¿ã•ã‚“ã¨ç¹‹ãŒã‚ŠãŸã„
#ã‚¢ã‚¤ãƒŠãƒŠå¥½ãã•ã‚“ã¨ç¹‹ãŒã‚ŠãŸã„ 
#ã‚¢ã‚¤ãƒŠãƒŠçµµæãã•ã‚“ã¨ç¹‹ãŒã‚ŠãŸã„ 
45å¤šã‚ã«è‰²ã€…æã„ã¦ã¾ã™ï¼
ããƒ¼ã¡ã‚ƒã‚“æœ€æ¨ã—ã®ã€ã‚ã£ãå¯„ã‚Šã®ç®±æ¨ã—ã§ã™ https://t.co/mujpoX8RmD",,"[{u'tag': u'ã‚¢ã‚¤ãƒŠãƒŠã‚¯ãƒ©ã‚¹ã‚¿ã•ã‚“ã¨ç¹‹ãŒã‚ŠãŸã„'}, {u'tag': u'ã‚¢ã‚¤ãƒŠãƒŠå¥½ãã•ã‚“ã¨ç¹‹ãŒã‚ŠãŸã„'}, {u'tag': u'ã‚¢ã‚¤ãƒŠãƒŠçµµæãã•ã‚“ã¨ç¹‹ãŒã‚ŠãŸã„'}]",1013726579636125697,2,Tiger,http://pbs.twimg.com/media/DhF69AaVQAEA_0_.jpg,987913375060443138,ãƒŸãƒ¤@ãƒ©ã‚¤ãƒ–1dayå‚æˆ¦
Tue Jul 03 01:40:08 +0000 2018,"RT @i7_tamaso45: #ã‚¢ã‚¤ãƒŠãƒŠã‚¯ãƒ©ã‚¹ã‚¿ã•ã‚“ã¨ç¹‹ãŒã‚ŠãŸã„
#ã‚¢ã‚¤ãƒŠãƒŠå¥½ãã•ã‚“ã¨ç¹‹ãŒã‚ŠãŸã„ 
#ã‚¢ã‚¤ãƒŠãƒŠçµµæãã•ã‚“ã¨ç¹‹ãŒã‚ŠãŸã„ 
45å¤šã‚ã«è‰²ã€…æã„ã¦ã¾ã™ï¼
ããƒ¼ã¡ã‚ƒã‚“æœ€æ¨ã—ã®ã€ã‚ã£ãå¯„ã‚Šã®ç®±æ¨ã—ã§ã™ https://t.co/mujpoX8RmD",,"[{u'tag': u'ã‚¢ã‚¤ãƒŠãƒŠã‚¯ãƒ©ã‚¹ã‚¿ã•ã‚“ã¨ç¹‹ãŒã‚ŠãŸã„'}, {u'tag': u'ã‚¢ã‚¤ãƒŠãƒŠå¥½ãã•ã‚“ã¨ç¹‹ãŒã‚ŠãŸã„'}, {u'tag': u'ã‚¢ã‚¤ãƒŠãƒŠçµµæãã•ã‚“ã¨ç¹‹ãŒã‚ŠãŸã„'}]",1013726586091159553,3,Tiger,http://pbs.twimg.com/media/DhF69YdVQAEnCMS.jpg,987913375060443138,ãƒŸãƒ¤@ãƒ©ã‚¤ãƒ–1dayå‚æˆ¦
Tue Jul 03 01:40:08 +0000 2018,"RT @i7_tamaso45: #ã‚¢ã‚¤ãƒŠãƒŠã‚¯ãƒ©ã‚¹ã‚¿ã•ã‚“ã¨ç¹‹ãŒã‚ŠãŸã„
#ã‚¢ã‚¤ãƒŠãƒŠå¥½ãã•ã‚“ã¨ç¹‹ãŒã‚ŠãŸã„ 
#ã‚¢ã‚¤ãƒŠãƒŠçµµæãã•ã‚“ã¨ç¹‹ãŒã‚ŠãŸã„ 
45å¤šã‚ã«è‰²ã€…æã„ã¦ã¾ã™ï¼
ããƒ¼ã¡ã‚ƒã‚“æœ€æ¨ã—ã®ã€ã‚ã£ãå¯„ã‚Šã®ç®±æ¨ã—ã§ã™ https://t.co/mujpoX8RmD",,"[{u'tag': u'ã‚¢ã‚¤ãƒŠãƒŠã‚¯ãƒ©ã‚¹ã‚¿ã•ã‚“ã¨ç¹‹ãŒã‚ŠãŸã„'}, {u'tag': u'ã‚¢ã‚¤ãƒŠãƒŠå¥½ãã•ã‚“ã¨ç¹‹ãŒã‚ŠãŸã„'}, {u'tag': u'ã‚¢ã‚¤ãƒŠãƒŠçµµæãã•ã‚“ã¨ç¹‹ãŒã‚ŠãŸã„'}]",1013726593909383168,4,Tiger,http://pbs.twimg.com/media/DhF691lV4AANUIH.jpg,987913375060443138,ãƒŸãƒ¤@ãƒ©ã‚¤ãƒ–1dayå‚æˆ¦
Tue Jul 03 01:40:08 +0000 2018,"RT @sugafull27: BTS DNA mv is in the Drunken Tiger MV ğŸ‘ğŸ¼

#ChoiceFandom #BTSARMY #TeenChoice @BTS_twt

 https://t.co/Klw1zCnDUR",,"[{u'tag': u'ChoiceFandom'}, {u'tag': u'BTSARMY'}, {u'tag': u'TeenChoice'}]",1013913357521260544,1,Tiger,http://pbs.twimg.com/ext_tw_video_thumb/1013913357521260544/pu/img/2YEgNR0aCzTBey8W.jpg,963830104626315265,Emma
Tue Jul 03 01:40:01 +0000 2018,"RT @jmnpics: jimin has probably a tiger in his throat 

#TeenChoice #ChoiceFandom #BTSARMY @BTS_twt https://t.co/qB7MqTg6B5",,"[{u'tag': u'TeenChoice'}, {u'tag': u'ChoiceFandom'}, {u'tag': u'BTSARMY'}]",1013957355904565248,1,Tiger,http://pbs.twimg.com/ext_tw_video_thumb/1013957355904565248/pu/img/Z8OCko9sakV-MR4Y.jpg,942420158164987910,â€»â“šâ“˜â“¡â“â€»
Tue Jul 03 01:40:00 +0000 2018,"RT @jmnpics: jimin has probably a tiger in his throat 

#TeenChoice #ChoiceFandom #BTSARMY @BTS_twt https://t.co/qB7MqTg6B5",,"[{u'tag': u'TeenChoice'}, {u'tag': u'ChoiceFandom'}, {u'tag': u'BTSARMY'}]",1013957355904565248,1,Tiger,http://pbs.twimg.com/ext_tw_video_thumb/1013957355904565248/pu/img/Z8OCko9sakV-MR4Y.jpg,3102432408,ë§Œë‘ğŸ’•
Tue Jul 03 01:40:00 +0000 2018,"RT @JWendelPGA: Any other questions about why golf needs Tiger Woods?

This image says it all. https://t.co/VBs9kp3Q4V",,[],1013436300152705024,1,Tiger,http://pbs.twimg.com/media/DhBy8hEWkAAsCw4.jpg,45296742,LB
Tue Jul 03 01:39:46 +0000 2018,"RT @DailyUpdatesWDW: ã€NEWã€

Behind the scenes of @whydontwemusicâ€™s Tiger Beat Cover Shoot! https://t.co/uVdYUdM09u",,[],1013871273120694274,1,Tiger,http://pbs.twimg.com/ext_tw_video_thumb/1013871273120694274/pu/img/Nrd7KsZN50MYcfgd.jpg,728353263020544000,Ğ¸hÎ¹â™¡
Tue Jul 03 01:39:38 +0000 2018,RT @4OSTI: ì •ê¸€ì˜ ë²•ì¹™ ë³´ë‹¤ê°€ ë‚´ ëˆˆì„ ì˜ì‹¬í–ˆë‹¤ ìµœì´ˆ ë„ì „ ì²˜ìŒ ì‹œë„ ì´ëŸ° ë§ë¡œ ì¶©ë¶„íˆ ëŒ€ì²´ ê°€ëŠ¥í•œë° ì²˜ë…€ ë„ì „ ë§ì´ëƒ ë°©êµ¬ëƒ ã…‹ã…‹ã…‹ã…‹ í•­ì˜í•˜ëŸ¬ ì‹œì²­ì ê²Œì‹œíŒ ê°„ë‹¤ https://t.co/9sLqBxN4AY,,[],1013742092156219392,1,Tiger,http://pbs.twimg.com/media/DhGJD9DVMAAOv-z.jpg,4054003812,í™€ì”¨ğŸ¤¸â€â™€ï¸
Tue Jul 03 01:39:38 +0000 2018,"RT @jmnpics: jimin has probably a tiger in his throat 

#TeenChoice #ChoiceFandom #BTSARMY @BTS_twt https://t.co/qB7MqTg6B5",,"[{u'tag': u'TeenChoice'}, {u'tag': u'ChoiceFandom'}, {u'tag': u'BTSARMY'}]",1013957355904565248,1,Tiger,http://pbs.twimg.com/ext_tw_video_thumb/1013957355904565248/pu/img/Z8OCko9sakV-MR4Y.jpg,1447500188,Lau' ğŸ‘‘
Tue Jul 03 01:39:37 +0000 2018,"RT @sugafull27: BTS DNA mv is in the Drunken Tiger MV ğŸ‘ğŸ¼

#ChoiceFandom #BTSARMY #TeenChoice @BTS_twt

 https://t.co/Klw1zCnDUR",,"[{u'tag': u'ChoiceFandom'}, {u'tag': u'BTSARMY'}, {u'tag': u'TeenChoice'}]",1013913357521260544,1,Tiger,http://pbs.twimg.com/ext_tw_video_thumb/1013913357521260544/pu/img/2YEgNR0aCzTBey8W.jpg,4574734297,Yoongi is my world ğŸ°ğŸ¢(ğŸ±) à¸à¸¶à¸à¸‡à¸²à¸™à¸§à¸™à¹„à¸›à¸„à¹ˆà¸°
Tue Jul 03 01:39:33 +0000 2018,"RT @sugafull27: BTS DNA mv is in the Drunken Tiger MV ğŸ‘ğŸ¼

#ChoiceFandom #BTSARMY #TeenChoice @BTS_twt

 https://t.co/Klw1zCnDUR",,"[{u'tag': u'ChoiceFandom'}, {u'tag': u'BTSARMY'}, {u'tag': u'TeenChoice'}]",1013913357521260544,1,Tiger,http://pbs.twimg.com/ext_tw_video_thumb/1013913357521260544/pu/img/2YEgNR0aCzTBey8W.jpg,1466466218,ì˜ˆì˜ˆ . asdğŸ“
Tue Jul 03 01:39:33 +0000 2018,"RT @DailyUpdatesWDW: ã€NEWã€

Behind the scenes of @whydontwemusicâ€™s Tiger Beat Cover Shoot! https://t.co/uVdYUdM09u",,[],1013871273120694274,1,Tiger,http://pbs.twimg.com/ext_tw_video_thumb/1013871273120694274/pu/img/Nrd7KsZN50MYcfgd.jpg,951064881209331712,fran | australia
Tue Jul 03 01:39:17 +0000 2018,"RT @duck_jkmt: #taemin #íƒœë¯¼ #ãƒ†ãƒŸãƒ³ #tiger
í¬íš¨í•˜ëŠ” ì´íƒœë¯¼ã… ã…œ
(ì˜ìƒì¶œì²˜ : realstoryë‹˜) https://t.co/L536FfBaTc",,"[{u'tag': u'taemin'}, {u'tag': u'íƒœë¯¼'}, {u'tag': u'ãƒ†ãƒŸãƒ³'}, {u'tag': u'tiger'}]",909613208863883264,1,Tiger,http://pbs.twimg.com/tweet_video_thumb/DJ-YZOVVwAAsSZA.jpg,1022337734,ì´ˆë¡¬
Tue Jul 03 01:39:17 +0000 2018,"RT @jmnpics: jimin has probably a tiger in his throat 

#TeenChoice #ChoiceFandom #BTSARMY @BTS_twt https://t.co/qB7MqTg6B5",,"[{u'tag': u'TeenChoice'}, {u'tag': u'ChoiceFandom'}, {u'tag': u'BTSARMY'}]",1013957355904565248,1,Tiger,http://pbs.twimg.com/ext_tw_video_thumb/1013957355904565248/pu/img/Z8OCko9sakV-MR4Y.jpg,2875858855,kliver
Tue Jul 03 01:39:13 +0000 2018,#CyclopsHasHisEyeOn  A tiger https://t.co/PoJbeQXQQN,,[{u'tag': u'CyclopsHasHisEyeOn'}],1013960296564547584,1,Tiger,http://pbs.twimg.com/tweet_video_thumb/DhJPhH0UYAAMhKT.jpg,1137579374,Crystal
Tue Jul 03 01:39:03 +0000 2018,"RT @sugafull27: BTS DNA mv is in the Drunken Tiger MV ğŸ‘ğŸ¼

#ChoiceFandom #BTSARMY #TeenChoice @BTS_twt

 https://t.co/Klw1zCnDUR",,"[{u'tag': u'ChoiceFandom'}, {u'tag': u'BTSARMY'}, {u'tag': u'TeenChoice'}]",1013913357521260544,1,Tiger,http://pbs.twimg.com/ext_tw_video_thumb/1013913357521260544/pu/img/2YEgNR0aCzTBey8W.jpg,739813151902814209,min
Tue Jul 03 01:38:57 +0000 2018,"RT @sugafull27: BTS DNA mv is in the Drunken Tiger MV ğŸ‘ğŸ¼

#ChoiceFandom #BTSARMY #TeenChoice @BTS_twt

 https://t.co/Klw1zCnDUR",,"[{u'tag': u'ChoiceFandom'}, {u'tag': u'BTSARMY'}, {u'tag': u'TeenChoice'}]",1013913357521260544,1,Tiger,http://pbs.twimg.com/ext_tw_video_thumb/1013913357521260544/pu/img/2YEgNR0aCzTBey8W.jpg,815259012727914498,RosemaryğŸ‘
Tue Jul 03 01:38:44 +0000 2018,"RT @sugafull27: BTS DNA mv is in the Drunken Tiger MV ğŸ‘ğŸ¼

#ChoiceFandom #BTSARMY #TeenChoice @BTS_twt

 https://t.co/Klw1zCnDUR",,"[{u'tag': u'ChoiceFandom'}, {u'tag': u'BTSARMY'}, {u'tag': u'TeenChoice'}]",1013913357521260544,1,Tiger,http://pbs.twimg.com/ext_tw_video_thumb/1013913357521260544/pu/img/2YEgNR0aCzTBey8W.jpg,899633584662642690,Maria ğŸŒ¸ || asd ğŸ“Œ
Tue Jul 03 01:38:42 +0000 2018,"RT @Thyview: Why Fans Love Young Tiger #NTR @tarak9999

#ThyviewAlbums https://t.co/KZIAihbhlA",,"[{u'tag': u'NTR'}, {u'tag': u'ThyviewAlbums'}]",1012560514038235136,1,Tiger,http://pbs.twimg.com/media/Dg1WbDjWAAA-mQg.jpg,984000855350358024,NTR Videos
Tue Jul 03 01:38:42 +0000 2018,"RT @Thyview: Why Fans Love Young Tiger #NTR @tarak9999

#ThyviewAlbums https://t.co/KZIAihbhlA",,"[{u'tag': u'NTR'}, {u'tag': u'ThyviewAlbums'}]",1012560522342993921,2,Tiger,http://pbs.twimg.com/media/Dg1WbifWkAEJjaf.jpg,984000855350358024,NTR Videos
Tue Jul 03 01:38:32 +0000 2018,RT @yoontaestuff: a tiger and a cat : what a couple https://t.co/adcADwEZY7,,[],1013883392436391936,1,Tiger,http://pbs.twimg.com/media/DhIJktnW0AA1I_e.jpg,3872259898,PandaBecca
Tue Jul 03 01:38:32 +0000 2018,RT @yoontaestuff: a tiger and a cat : what a couple https://t.co/adcADwEZY7,,[],1013883398576902144,2,Tiger,http://pbs.twimg.com/media/DhIJlEfXkAAoWIU.jpg,3872259898,PandaBecca
Tue Jul 03 01:38:28 +0000 2018,"RT @JWendelPGA: Any other questions about why golf needs Tiger Woods?

This image says it all. https://t.co/VBs9kp3Q4V",,[],1013436300152705024,1,Tiger,http://pbs.twimg.com/media/DhBy8hEWkAAsCw4.jpg,2257864765,Sean Tran
Tue Jul 03 01:38:11 +0000 2018,"RT @sugafull27: BTS DNA mv is in the Drunken Tiger MV ğŸ‘ğŸ¼

#ChoiceFandom #BTSARMY #TeenChoice @BTS_twt

 https://t.co/Klw1zCnDUR",,"[{u'tag': u'ChoiceFandom'}, {u'tag': u'BTSARMY'}, {u'tag': u'TeenChoice'}]",1013913357521260544,1,Tiger,http://pbs.twimg.com/ext_tw_video_thumb/1013913357521260544/pu/img/2YEgNR0aCzTBey8W.jpg,715016029399699456,BTSisFAMILY
Tue Jul 03 01:37:55 +0000 2018,"RT @jmnpics: jimin has probably a tiger in his throat 

#TeenChoice #ChoiceFandom #BTSARMY @BTS_twt https://t.co/qB7MqTg6B5",,"[{u'tag': u'TeenChoice'}, {u'tag': u'ChoiceFandom'}, {u'tag': u'BTSARMY'}]",1013957355904565248,1,Tiger,http://pbs.twimg.com/ext_tw_video_thumb/1013957355904565248/pu/img/Z8OCko9sakV-MR4Y.jpg,784554969911398400,hobi little sunshineğŸŒğŸŒˆ
Tue Jul 03 01:37:52 +0000 2018,"RT @btsforarmy_ina: Terdapat MV BTS DNA di dalam MV Drunken Tiger 

#ChoiceFandom #BTSARMY #TeenChoice @BTS_twt
-ğŸ¯
 https://t.co/DFwI7az7va",,"[{u'tag': u'ChoiceFandom'}, {u'tag': u'BTSARMY'}, {u'tag': u'TeenChoice'}]",1013913357521260544,1,Tiger,http://pbs.twimg.com/ext_tw_video_thumb/1013913357521260544/pu/img/2YEgNR0aCzTBey8W.jpg,997841639728074752,yasmine pengen ikut asd
Tue Jul 03 01:37:48 +0000 2018,"RT @jmnpics: jimin has probably a tiger in his throat 

#TeenChoice #ChoiceFandom #BTSARMY @BTS_twt https://t.co/qB7MqTg6B5",,"[{u'tag': u'TeenChoice'}, {u'tag': u'ChoiceFandom'}, {u'tag': u'BTSARMY'}]",1013957355904565248,1,Tiger,http://pbs.twimg.com/ext_tw_video_thumb/1013957355904565248/pu/img/Z8OCko9sakV-MR4Y.jpg,786782753551450112,Jyothi Puram
